{"timestamp": "2025-06-11 01:59:56.365239", "user_id": "test_user", "user_input": "I have a 650 credit score and want to buy a house", "response": "A 650 credit score is good! Current market rates you qualify for:\n\n**Excellent Rates Available:**\n\u2022 Mortgage: 7.25%\n\u2022 Auto: 4.8%\n\n**Advanced Strategies:**\n\u2022 Diversify credit types (installment + revolving)\n\u2022 Keep utilization under 5% for premium scores\n\u2022 Monitor for identity theft monthly\n\n**Goal:** 750+ for best rates on everything\n\nPremium credit cards available:\n\u2022 Capital One Platinum: 26.49% APR, No annual fee\n\u2022 Discover it Secured: 25.49% APR, 2% at gas stations and restaurants\n\u2022 OpenSky Secured: 19.14% APR, No credit check required\n\nAre you planning any major purchases that need excellent credit?", "emotion_data": {"primary_emotion": "positive", "emotion_scores": {"happy": 0.0, "sad": 0.0, "angry": 0.0, "anxious": 0.0, "confused": 0.0, "excited": 0.0, "grateful": 0.0, "lonely": 0.0}, "tone": "neutral", "intensity": 0.0, "vader_scores": {"neg": 0.0, "neu": 0.719, "pos": 0.281, "compound": 0.4404}, "textblob_polarity": 0.0, "textblob_subjectivity": 0.0, "emotion_summary": "mild positive with neutral tone", "confidence": 0.22}, "importance_score": 0.64, "tags": ["emotion:positive", "topic:financial"]}
{"timestamp": "2025-06-11 02:00:02.903240", "user_id": "test_user", "user_input": "I want to invest $10,000", "response": "What's your current investment situation? I can help optimize your portfolio:\n\n**Common optimizations:**\n\u2022 Rebalancing asset allocation\n\u2022 Tax-loss harvesting\n\u2022 Roth conversion strategies\n\u2022 Reducing expense ratios\n\nTell me about your current investments and goals.", "emotion_data": {"primary_emotion": "neutral", "emotion_scores": {"happy": 0.0, "sad": 0.0, "angry": 0.0, "anxious": 0.0, "confused": 0.0, "excited": 0.0, "grateful": 0.0, "lonely": 0.0}, "tone": "neutral", "intensity": 0.0, "vader_scores": {"neg": 0.0, "neu": 0.755, "pos": 0.245, "compound": 0.0772}, "textblob_polarity": 0.0, "textblob_subjectivity": 0.0, "emotion_summary": "mild neutral with neutral tone", "confidence": 0.04}, "importance_score": 0.61, "tags": ["emotion:neutral", "topic:financial"]}
{"timestamp": "2025-06-11 02:00:22.992537", "user_id": "dashboard_user", "user_input": "can you hear me", "response": "I can provide specific financial guidance on:\n\n**Credit & Debt:**\n\u2022 Credit score improvement strategies\n\u2022 Debt payoff optimization\n\u2022 Credit card recommendations\n\n**Investing & Retirement:**\n\u2022 Beginner investment strategies\n\u2022 401k optimization\n\u2022 IRA vs Roth IRA decisions\n\n**Budgeting & Saving:**\n\u2022 Emergency fund building\n\u2022 Expense tracking systems\n\u2022 Savings goal planning\n\nWhat specific financial area would you like detailed help with?", "emotion_data": {"primary_emotion": "neutral", "emotion_scores": {"happy": 0.0, "sad": 0.0, "angry": 0.0, "anxious": 0.0, "confused": 0.0, "excited": 0.0, "grateful": 0.0, "lonely": 0.0}, "tone": "neutral", "intensity": 0.0, "vader_scores": {"neg": 0.0, "neu": 1.0, "pos": 0.0, "compound": 0.0}, "textblob_polarity": 0.0, "textblob_subjectivity": 0.0, "emotion_summary": "mild neutral with neutral tone", "confidence": 0.0}, "importance_score": 0.6, "tags": ["emotion:neutral"]}
{"timestamp": "2025-06-11 02:00:31.591780", "user_id": "dashboard_user", "user_input": "fix my credit", "response": "I can help you improve your credit score! First, what's your current score? If you don't know, you can check free at:\n\n\u2022 Credit Karma (estimates)\n\u2022 Discover Credit Scorecard (free FICO)\n\u2022 Your bank's app (most offer free scores)\n\nOnce I know your score, I can give you a specific action plan with current market rates and timelines.", "emotion_data": {"primary_emotion": "positive", "emotion_scores": {"happy": 0.0, "sad": 0.0, "angry": 0.0, "anxious": 0.0, "confused": 0.0, "excited": 0.0, "grateful": 0.0, "lonely": 0.0}, "tone": "neutral", "intensity": 0.0, "vader_scores": {"neg": 0.0, "neu": 0.435, "pos": 0.565, "compound": 0.3818}, "textblob_polarity": 0.0, "textblob_subjectivity": 0.0, "emotion_summary": "mild positive with neutral tone", "confidence": 0.19}, "importance_score": 0.64, "tags": ["emotion:positive", "topic:financial"]}
{"timestamp": "2025-06-11 02:00:36.732360", "user_id": "dashboard_user", "user_input": "513", "response": "I can provide specific financial guidance on:\n\n**Credit & Debt:**\n\u2022 Credit score improvement strategies\n\u2022 Debt payoff optimization\n\u2022 Credit card recommendations\n\n**Investing & Retirement:**\n\u2022 Beginner investment strategies\n\u2022 401k optimization\n\u2022 IRA vs Roth IRA decisions\n\n**Budgeting & Saving:**\n\u2022 Emergency fund building\n\u2022 Expense tracking systems\n\u2022 Savings goal planning\n\nWhat specific financial area would you like detailed help with?", "emotion_data": {"primary_emotion": "neutral", "emotion_scores": {"happy": 0.0, "sad": 0.0, "angry": 0.0, "anxious": 0.0, "confused": 0.0, "excited": 0.0, "grateful": 0.0, "lonely": 0.0}, "tone": "neutral", "intensity": 0.0, "vader_scores": {"neg": 0.0, "neu": 1.0, "pos": 0.0, "compound": 0.0}, "textblob_polarity": 0.0, "textblob_subjectivity": 0.0, "emotion_summary": "mild neutral with neutral tone", "confidence": 0.0}, "importance_score": 0.6, "tags": ["emotion:neutral"]}
{"timestamp": "2025-06-11 02:00:58.170806", "user_id": "dashboard_user", "user_input": "my score is 513", "response": "A 513 credit score is in the 'Poor (300-579)' range. Here's your immediate action plan based on current market conditions:\n\n**Priority Actions (Next 30 days):**\n\u2022 Pay all bills on time - set up autopay for minimum payments\n\u2022 Pay down credit cards to under 30% utilization\n\u2022 Check credit reports for errors at annualcreditreport.com\n\n**Current Market Impact:**\n\u2022 Mortgage rates for your score: 7.0%\n\u2022 Auto loan rates: 8.5%\n\n**Timeline:** 40-80 point improvement possible\n**Target goal:** Get to 620+ for better loan rates\n\nAvailable credit cards for your score:\n\u2022 Capital One Platinum: 26.49% APR, No annual fee\n\u2022 Discover it Secured: 25.49% APR, 2% at gas stations and restaurants\n\u2022 OpenSky Secured: 19.14% APR, No credit check required\n\nWhat's your current total credit card debt amount?", "emotion_data": {"primary_emotion": "neutral", "emotion_scores": {"happy": 0.0, "sad": 0.0, "angry": 0.0, "anxious": 0.0, "confused": 0.0, "excited": 0.0, "grateful": 0.0, "lonely": 0.0}, "tone": "neutral", "intensity": 0.0, "vader_scores": {"neg": 0.0, "neu": 1.0, "pos": 0.0, "compound": 0.0}, "textblob_polarity": 0.0, "textblob_subjectivity": 0.0, "emotion_summary": "mild neutral with neutral tone", "confidence": 0.0}, "importance_score": 0.6, "tags": ["emotion:neutral"]}
{"timestamp": "2025-06-11 02:01:11.818847", "user_id": "dashboard_user", "user_input": "then what", "response": "I can provide specific financial guidance on:\n\n**Credit & Debt:**\n\u2022 Credit score improvement strategies\n\u2022 Debt payoff optimization\n\u2022 Credit card recommendations\n\n**Investing & Retirement:**\n\u2022 Beginner investment strategies\n\u2022 401k optimization\n\u2022 IRA vs Roth IRA decisions\n\n**Budgeting & Saving:**\n\u2022 Emergency fund building\n\u2022 Expense tracking systems\n\u2022 Savings goal planning\n\nWhat specific financial area would you like detailed help with?", "emotion_data": {"primary_emotion": "neutral", "emotion_scores": {"happy": 0.0, "sad": 0.0, "angry": 0.0, "anxious": 0.0, "confused": 0.0, "excited": 0.0, "grateful": 0.0, "lonely": 0.0}, "tone": "questioning", "intensity": 0.0, "vader_scores": {"neg": 0.0, "neu": 1.0, "pos": 0.0, "compound": 0.0}, "textblob_polarity": 0.0, "textblob_subjectivity": 0.0, "emotion_summary": "mild neutral with questioning tone", "confidence": 0.0}, "importance_score": 0.6, "tags": ["emotion:neutral"]}
{"timestamp": "2025-06-11 02:04:32.868353", "user_id": "dashboard_user", "user_input": "How can I improve my 513 credit score", "response": "A 513 credit score is in the 'Poor (300-579)' range. Here's your immediate action plan based on current market conditions:\n\n**Priority Actions (Next 30 days):**\n\u2022 Pay all bills on time - set up autopay for minimum payments\n\u2022 Pay down credit cards to under 30% utilization\n\u2022 Check credit reports for errors at annualcreditreport.com\n\n**Current Market Impact:**\n\u2022 Mortgage rates for your score: 7.0%\n\u2022 Auto loan rates: 8.5%\n\n**Timeline:** 40-80 point improvement possible\n**Target goal:** Get to 620+ for better loan rates\n\nAvailable credit cards for your score:\n\u2022 Capital One Platinum: 26.49% APR, No annual fee\n\u2022 Discover it Secured: 25.49% APR, 2% at gas stations and restaurants\n\u2022 OpenSky Secured: 19.14% APR, No credit check required\n\nWhat's your current total credit card debt amount?", "emotion_data": {"primary_emotion": "happy", "emotion_scores": {"happy": 0.0, "sad": 0.0, "angry": 0.0, "anxious": 0.0, "confused": 0.0, "excited": 0.0, "grateful": 0.0, "lonely": 0.0}, "tone": "questioning", "intensity": 0.0, "vader_scores": {"neg": 0.0, "neu": 0.522, "pos": 0.478, "compound": 0.6705}, "textblob_polarity": 0.0, "textblob_subjectivity": 0.0, "emotion_summary": "mild happy with questioning tone", "confidence": 0.34}, "importance_score": 0.69, "tags": ["emotion:happy", "topic:financial"]}
{"timestamp": "2025-06-11 02:04:45.299216", "user_id": "dashboard_user", "user_input": "329 is current amount", "response": "I can provide specific financial guidance on:\n\n**Credit & Debt:**\n\u2022 Credit score improvement strategies\n\u2022 Debt payoff optimization\n\u2022 Credit card recommendations\n\n**Investing & Retirement:**\n\u2022 Beginner investment strategies\n\u2022 401k optimization\n\u2022 IRA vs Roth IRA decisions\n\n**Budgeting & Saving:**\n\u2022 Emergency fund building\n\u2022 Expense tracking systems\n\u2022 Savings goal planning\n\nWhat specific financial area would you like detailed help with?", "emotion_data": {"primary_emotion": "neutral", "emotion_scores": {"happy": 0.0, "sad": 0.0, "angry": 0.0, "anxious": 0.0, "confused": 0.0, "excited": 0.0, "grateful": 0.0, "lonely": 0.0}, "tone": "neutral", "intensity": 0.0, "vader_scores": {"neg": 0.0, "neu": 1.0, "pos": 0.0, "compound": 0.0}, "textblob_polarity": 0.0, "textblob_subjectivity": 0.4, "emotion_summary": "mild neutral with neutral tone", "confidence": 0.0}, "importance_score": 0.6, "tags": ["emotion:neutral"]}
