{"interaction_id": "int_20250611_012901", "timestamp": "2025-06-11T01:29:01.949052", "user_input": "I'm feeling really stressed about work", "califia_response": "Thank you for sharing that with me. I'm genuinely curious about your experience and perspective. Sometimes the most meaningful conversations begin with the simplest observations. What aspect of this feels most significant to you?", "emotion": "anxious", "tone": "neutral", "importance_score": 0.83}
{"interaction_id": "int_20250611_012901", "timestamp": "2025-06-11T01:29:01.951080", "user_input": "Can you help me with my finances?", "califia_response": "Thank you for sharing that with me. I'm genuinely curious about your experience and perspective. Sometimes the most meaningful conversations begin with the simplest observations. What aspect of this feels most significant to you?", "emotion": "positive", "tone": "urgent", "importance_score": 0.64}
{"interaction_id": "int_20250611_012901", "timestamp": "2025-06-11T01:29:01.952542", "user_input": "I'm so excited about my vacation!", "califia_response": "Thank you for sharing that with me. I'm genuinely curious about your experience and perspective. Sometimes the most meaningful conversations begin with the simplest observations. What aspect of this feels most significant to you?", "emotion": "excited", "tone": "emphatic", "importance_score": 1.0}
{"interaction_id": "int_20250611_012901", "timestamp": "2025-06-11T01:29:01.953778", "user_input": "What's the meaning of life?", "califia_response": "That's a thoughtful question. I find this topic fascinating because it touches on something deeper about the human experience. What drew you to think about this particular question?", "emotion": "neutral", "tone": "questioning", "importance_score": 0.6}
{"interaction_id": "int_20250611_013055", "timestamp": "2025-06-11T01:30:55.892147", "user_input": "I am feeling really stressed about my credit score of 580", "califia_response": "Thank you for sharing that with me. I'm genuinely curious about your experience and perspective. Sometimes the most meaningful conversations begin with the simplest observations. What aspect of this feels most significant to you?", "emotion": "anxious", "tone": "neutral", "importance_score": 0.81}
{"interaction_id": "int_20250611_013209", "timestamp": "2025-06-11T01:32:09.857598", "user_input": "Can you help increase my credit score", "califia_response": "Thank you for sharing that with me. I'm genuinely curious about your experience and perspective. Sometimes the most meaningful conversations begin with the simplest observations. What aspect of this feels most significant to you?", "emotion": "happy", "tone": "neutral", "importance_score": 0.7}
{"interaction_id": "int_20250611_013227", "timestamp": "2025-06-11T01:32:27.060176", "user_input": "can you answer my question", "califia_response": "Thank you for sharing that with me. I'm genuinely curious about your experience and perspective. Sometimes the most meaningful conversations begin with the simplest observations. What aspect of this feels most significant to you?", "emotion": "neutral", "tone": "neutral", "importance_score": 0.6}
{"interaction_id": "int_20250611_013323", "timestamp": "2025-06-11T01:33:23.928291", "user_input": "Test message", "califia_response": "Thank you for sharing that with me. I'm genuinely curious about your experience and perspective. Sometimes the most meaningful conversations begin with the simplest observations. What aspect of this feels most significant to you?", "emotion": "neutral", "tone": "neutral", "importance_score": 0.6}
{"interaction_id": "int_20250611_013323", "timestamp": "2025-06-11T01:33:23.937072", "user_input": "I'm feeling really sad and overwhelmed", "califia_response": "Thank you for sharing that with me. I'm genuinely curious about your experience and perspective. Sometimes the most meaningful conversations begin with the simplest observations. What aspect of this feels most significant to you?", "emotion": "angry", "tone": "neutral", "importance_score": 0.79}
{"interaction_id": "int_20250611_013323", "timestamp": "2025-06-11T01:33:23.952822", "user_input": "Hello, how are you?", "califia_response": "That's a thoughtful question. I find this topic fascinating because it touches on something deeper about the human experience. What drew you to think about this particular question?", "emotion": "neutral", "tone": "questioning", "importance_score": 0.6}
{"interaction_id": "int_20250611_013323", "timestamp": "2025-06-11T01:33:23.961643", "user_input": "I'm feeling really depressed", "califia_response": "Thank you for sharing that with me. I'm genuinely curious about your experience and perspective. Sometimes the most meaningful conversations begin with the simplest observations. What aspect of this feels most significant to you?", "emotion": "angry", "tone": "neutral", "importance_score": 0.81}
{"interaction_id": "int_20250611_013323", "timestamp": "2025-06-11T01:33:23.963092", "user_input": "I'm so excited and happy!", "califia_response": "Thank you for sharing that with me. I'm genuinely curious about your experience and perspective. Sometimes the most meaningful conversations begin with the simplest observations. What aspect of this feels most significant to you?", "emotion": "excited", "tone": "emphatic", "importance_score": 1.0}
{"interaction_id": "int_20250611_013323", "timestamp": "2025-06-11T01:33:23.972321", "user_input": "Hello, I'm new here", "califia_response": "Thank you for sharing that with me. I'm genuinely curious about your experience and perspective. Sometimes the most meaningful conversations begin with the simplest observations. What aspect of this feels most significant to you?", "emotion": "neutral", "tone": "neutral", "importance_score": 0.6}
{"interaction_id": "int_20250611_013323", "timestamp": "2025-06-11T01:33:23.973647", "user_input": "I'm feeling stressed about work", "califia_response": "Thank you for sharing that with me. I'm genuinely curious about your experience and perspective. Sometimes the most meaningful conversations begin with the simplest observations. What aspect of this feels most significant to you?", "emotion": "angry", "tone": "neutral", "importance_score": 0.78}
{"interaction_id": "int_20250611_013323", "timestamp": "2025-06-11T01:33:23.974737", "user_input": "Can you help me with my finances?", "califia_response": "Thank you for sharing that with me. I'm genuinely curious about your experience and perspective. Sometimes the most meaningful conversations begin with the simplest observations. What aspect of this feels most significant to you?", "emotion": "positive", "tone": "urgent", "importance_score": 0.64}
{"interaction_id": "int_20250611_013323", "timestamp": "2025-06-11T01:33:23.975810", "user_input": "Thank you for your help", "califia_response": "That's a thoughtful question. I find this topic fascinating because it touches on something deeper about the human experience. What drew you to think about this particular question?", "emotion": "grateful", "tone": "formal", "importance_score": 0.86}
{"interaction_id": "int_20250611_013323", "timestamp": "2025-06-11T01:33:23.985405", "user_input": "My name is Alice and I love cats", "califia_response": "Thank you for sharing that with me. I'm genuinely curious about your experience and perspective. Sometimes the most meaningful conversations begin with the simplest observations. What aspect of this feels most significant to you?", "emotion": "happy", "tone": "neutral", "importance_score": 0.68}
{"interaction_id": "int_20250611_013323", "timestamp": "2025-06-11T01:33:23.986677", "user_input": "Do you remember what I told you?", "califia_response": "That's a thoughtful question. I find this topic fascinating because it touches on something deeper about the human experience. What drew you to think about this particular question?", "emotion": "neutral", "tone": "questioning", "importance_score": 0.6}
{"interaction_id": "int_20250611_014354", "timestamp": "2025-06-11T01:43:54.379501", "user_input": "My credit score is 580, can you help me?", "califia_response": "Thank you for sharing that with me. I'm genuinely curious about your experience and perspective. Sometimes the most meaningful conversations begin with the simplest observations. What aspect of this feels most significant to you?", "emotion": "happy", "tone": "urgent", "importance_score": 0.68}
{"interaction_id": "int_20250611_014507", "timestamp": "2025-06-11T01:45:07.097868", "user_input": "My credit score is 580, can you help me?", "califia_response": "A 580 credit score is 'Fair (580-669)' - you're close to good credit! Here's how to get there:\n\n**Immediate Actions:**\n• Get credit utilization under 10% on all cards\n• Keep old accounts open for credit history length\n• Consider becoming an authorized user on someone's good account\n\n**Current Market Rates You Qualify For:**\n• Mortgage: 7.0%\n• Auto: 8.5%\n\n**Timeline:** 50-100 point improvement possible\n**Next milestone:** 650 unlocks better credit cards\n\nRecommended credit cards:\n• Capital One Platinum: 26.49% APR, No annual fee\n• Discover it Secured: 25.49% APR, 2% at gas stations and restaurants\n• OpenSky Secured: 19.14% APR, No credit check required\n\nWhich credit cards do you currently have?", "emotion": "happy", "tone": "urgent", "importance_score": 0.68}
{"interaction_id": "int_20250611_014507", "timestamp": "2025-06-11T01:45:07.100828", "user_input": "I want to start investing, I am a beginner", "califia_response": "Perfect time to start investing! Here's the proven beginner strategy:\n\n**Step 1: Emergency Fund**\n• Save $1,000 first (starter emergency fund)\n• Then 3-6 months expenses in high-yield savings\n\n**Step 2: 401k Match**\n• Contribute enough to get full employer match\n• This is instant 100% return on investment\n\n**Step 3: Index Fund Investing**\n• Start with FXAIX (Fidelity S&P 500) or VTSAX (Vanguard Total Market)\n• Invest $100-500/month consistently\n\n**Expected return:** 7-10% annually long-term\n\nWhat's your monthly budget for investing?", "emotion": "neutral", "tone": "neutral", "importance_score": 0.61}
{"interaction_id": "int_20250611_014839", "timestamp": "2025-06-11T01:48:39.938025", "user_input": "My credit score is 620, what should I do?", "califia_response": "A 620 credit score is 'Fair (580-669)' - you're close to good credit! Here's how to get there:\n\n**Immediate Actions:**\n• Get credit utilization under 10% on all cards\n• Keep old accounts open for credit history length\n• Consider becoming an authorized user on someone's good account\n\n**Current Market Rates You Qualify For:**\n• Mortgage: 7.0%\n• Auto: 8.5%\n\n**Timeline:** 50-100 point improvement possible\n**Next milestone:** 650 unlocks better credit cards\n\nRecommended credit cards:\n• Capital One Platinum: 26.49% APR, No annual fee\n• Discover it Secured: 25.49% APR, 2% at gas stations and restaurants\n• OpenSky Secured: 19.14% APR, No credit check required\n\nWhich credit cards do you currently have?", "emotion": "positive", "tone": "questioning", "importance_score": 0.64}
{"interaction_id": "int_20250611_014915", "timestamp": "2025-06-11T01:49:15.061832", "user_input": "how are you", "califia_response": "I can provide specific financial guidance on:\n\n**Credit & Debt:**\n• Credit score improvement strategies\n• Debt payoff optimization\n• Credit card recommendations\n\n**Investing & Retirement:**\n• Beginner investment strategies\n• 401k optimization\n• IRA vs Roth IRA decisions\n\n**Budgeting & Saving:**\n• Emergency fund building\n• Expense tracking systems\n• Savings goal planning\n\nWhat specific financial area would you like detailed help with?", "emotion": "neutral", "tone": "questioning", "importance_score": 0.6}
{"interaction_id": "int_20250611_014923", "timestamp": "2025-06-11T01:49:23.544570", "user_input": "investing", "califia_response": "What's your current investment situation? I can help optimize your portfolio:\n\n**Common optimizations:**\n• Rebalancing asset allocation\n• Tax-loss harvesting\n• Roth conversion strategies\n• Reducing expense ratios\n\nTell me about your current investments and goals.", "emotion": "neutral", "tone": "neutral", "importance_score": 0.6}
{"interaction_id": "int_20250611_014938", "timestamp": "2025-06-11T01:49:38.943031", "user_input": "millionaire in 5 years", "califia_response": "I can provide specific financial guidance on:\n\n**Credit & Debt:**\n• Credit score improvement strategies\n• Debt payoff optimization\n• Credit card recommendations\n\n**Investing & Retirement:**\n• Beginner investment strategies\n• 401k optimization\n• IRA vs Roth IRA decisions\n\n**Budgeting & Saving:**\n• Emergency fund building\n• Expense tracking systems\n• Savings goal planning\n\nWhat specific financial area would you like detailed help with?", "emotion": "neutral", "tone": "neutral", "importance_score": 0.6}
